Wavelength [nm],Raw [dBm],Smoothed(Savgol) [dBm]
1.500000000000000000e+03,-5.716150999999999982e+01,-5.716150999999999982e+01
1.500200000000000045e+03,-4.722236000000000189e+01,-4.722236000000000189e+01
1.500400000000000091e+03,-4.547876999999999725e+01,-4.547876999999999725e+01
1.500599999999999909e+03,-4.626133999999999702e+01,-4.626133999999999702e+01
1.500799999999999955e+03,-4.600157000000000096e+01,-4.600157000000000096e+01
1.501000000000000000e+03,-4.412411000000000172e+01,-4.412411000000000172e+01
1.501200000000000045e+03,-4.411265000000000214e+01,-4.411265000000000214e+01
1.501400000000000091e+03,-4.471260000000000190e+01,-4.471260000000000190e+01
1.501599999999999909e+03,-4.420443000000000211e+01,-4.420443000000000211e+01
1.501799999999999955e+03,-4.526903999999999684e+01,-4.526903999999999684e+01
1.502000000000000000e+03,-4.494818999999999676e+01,-4.494818999999999676e+01
1.502200000000000045e+03,-4.491718000000000188e+01,-4.491718000000000188e+01
1.502400000000000091e+03,-4.527803000000000111e+01,-4.527803000000000111e+01
1.502599999999999909e+03,-4.633684999999999832e+01,-4.633684999999999832e+01
1.502799999999999955e+03,-4.686381999999999692e+01,-4.686381999999999692e+01
1.503000000000000000e+03,-4.682963000000000164e+01,-4.682963000000000164e+01
1.503200000000000045e+03,-4.597140999999999877e+01,-4.597140999999999877e+01
1.503400000000000091e+03,-4.625777999999999679e+01,-4.625777999999999679e+01
1.503599999999999909e+03,-4.701225999999999772e+01,-4.701225999999999772e+01
1.503799999999999955e+03,-4.825103000000000009e+01,-4.825103000000000009e+01
1.504000000000000000e+03,-4.763461000000000212e+01,-4.763461000000000212e+01
1.504200000000000045e+03,-4.732815000000000083e+01,-4.732815000000000083e+01
1.504400000000000091e+03,-4.642524999999999835e+01,-4.642524999999999835e+01
1.504599999999999909e+03,-4.714166000000000167e+01,-4.714166000000000167e+01
1.504799999999999955e+03,-4.814773999999999887e+01,-4.814773999999999887e+01
1.505000000000000000e+03,-4.806132999999999811e+01,-4.806132999999999811e+01
1.505200000000000045e+03,-4.903804000000000229e+01,-4.903804000000000229e+01
1.505400000000000091e+03,-4.976617000000000246e+01,-4.976617000000000246e+01
1.505599999999999909e+03,-5.068621000000000265e+01,-5.068621000000000265e+01
1.505799999999999955e+03,-5.105751000000000062e+01,-5.105751000000000062e+01
1.506000000000000000e+03,-5.204856000000000193e+01,-5.204856000000000193e+01
1.506200000000000045e+03,-5.270902000000000243e+01,-5.270902000000000243e+01
1.506400000000000091e+03,-5.195893999999999835e+01,-5.195893999999999835e+01
1.506599999999999909e+03,-5.187051999999999907e+01,-5.187051999999999907e+01
1.506799999999999955e+03,-5.257732000000000028e+01,-5.257732000000000028e+01
1.507000000000000000e+03,-5.287651000000000323e+01,-5.287651000000000323e+01
1.507200000000000045e+03,-5.440500000000000114e+01,-5.440500000000000114e+01
1.507400000000000091e+03,-5.501126000000000005e+01,-5.501126000000000005e+01
1.507599999999999909e+03,-5.400536000000000314e+01,-5.400536000000000314e+01
1.507799999999999955e+03,-5.647617000000000331e+01,-5.647617000000000331e+01
1.508000000000000000e+03,-5.588620999999999839e+01,-5.588620999999999839e+01
1.508200000000000045e+03,-5.630174000000000234e+01,-5.630174000000000234e+01
1.508400000000000091e+03,-5.847899999999999920e+01,-5.847899999999999920e+01
1.508599999999999909e+03,-5.921188999999999680e+01,-5.921188999999999680e+01
1.508799999999999955e+03,-6.089213999999999771e+01,-6.089213999999999771e+01
1.509000000000000000e+03,-6.448659999999999570e+01,-6.448659999999999570e+01
1.509200000000000045e+03,-6.637042999999999893e+01,-6.637042999999999893e+01
1.509400000000000091e+03,-6.580892000000000053e+01,-6.580892000000000053e+01
1.509599999999999909e+03,-6.740980999999999312e+01,-6.740980999999999312e+01
1.509799999999999955e+03,-6.946820999999999913e+01,-6.946820999999999913e+01
1.510000000000000000e+03,-6.362039999999999651e+01,-6.362039999999999651e+01
1.510200000000000045e+03,-6.090803999999999974e+01,-6.090803999999999974e+01
1.510400000000000091e+03,-6.338978000000000179e+01,-6.338978000000000179e+01
1.510599999999999909e+03,-6.216091999999999729e+01,-6.216091999999999729e+01
1.510799999999999955e+03,-5.792931999999999704e+01,-5.792931999999999704e+01
1.511000000000000000e+03,-5.759720999999999691e+01,-5.759720999999999691e+01
1.511200000000000045e+03,-5.655669999999999931e+01,-5.655669999999999931e+01
1.511400000000000091e+03,-5.575643000000000171e+01,-5.575643000000000171e+01
1.511599999999999909e+03,-5.563418999999999670e+01,-5.563418999999999670e+01
1.511799999999999955e+03,-5.634895999999999816e+01,-5.634895999999999816e+01
1.512000000000000000e+03,-5.307977999999999952e+01,-5.307977999999999952e+01
1.512200000000000045e+03,-5.324430000000000263e+01,-5.324430000000000263e+01
1.512400000000000091e+03,-5.178432999999999709e+01,-5.178432999999999709e+01
1.512599999999999909e+03,-5.204408999999999708e+01,-5.204408999999999708e+01
1.512799999999999955e+03,-5.167367999999999739e+01,-5.167367999999999739e+01
1.513000000000000000e+03,-5.110857000000000028e+01,-5.110857000000000028e+01
1.513200000000000045e+03,-4.985455000000000325e+01,-4.985455000000000325e+01
1.513400000000000091e+03,-4.864354000000000156e+01,-4.864354000000000156e+01
1.513599999999999909e+03,-4.829469000000000278e+01,-4.829469000000000278e+01
1.513799999999999955e+03,-4.920573000000000263e+01,-4.920573000000000263e+01
1.514000000000000000e+03,-4.937514000000000181e+01,-4.937514000000000181e+01
1.514200000000000045e+03,-4.935067000000000093e+01,-4.935067000000000093e+01
1.514400000000000091e+03,-4.803513999999999839e+01,-4.803513999999999839e+01
1.514599999999999909e+03,-4.719814000000000220e+01,-4.719814000000000220e+01
1.514799999999999955e+03,-4.754278000000000048e+01,-4.754278000000000048e+01
1.515000000000000000e+03,-4.703032000000000323e+01,-4.703032000000000323e+01
1.515200000000000045e+03,-4.720078000000000173e+01,-4.720078000000000173e+01
1.515400000000000091e+03,-4.666631999999999891e+01,-4.666631999999999891e+01
1.515599999999999909e+03,-4.551608000000000231e+01,-4.551608000000000231e+01
1.515799999999999955e+03,-4.607439999999999714e+01,-4.607439999999999714e+01
1.516000000000000000e+03,-4.578499000000000052e+01,-4.578499000000000052e+01
1.516200000000000045e+03,-4.641273999999999944e+01,-4.641273999999999944e+01
1.516400000000000091e+03,-4.601953999999999922e+01,-4.601953999999999922e+01
1.516599999999999909e+03,-4.537785999999999831e+01,-4.537785999999999831e+01
1.516799999999999955e+03,-4.505463999999999913e+01,-4.505463999999999913e+01
1.517000000000000000e+03,-4.495965999999999951e+01,-4.495965999999999951e+01
1.517200000000000045e+03,-4.502280999999999977e+01,-4.502280999999999977e+01
1.517400000000000091e+03,-4.469315000000000282e+01,-4.469315000000000282e+01
1.517599999999999909e+03,-4.446061000000000263e+01,-4.446061000000000263e+01
1.517799999999999955e+03,-4.451753999999999678e+01,-4.451753999999999678e+01
1.518000000000000000e+03,-4.386634000000000100e+01,-4.386634000000000100e+01
1.518200000000000045e+03,-4.419736000000000331e+01,-4.419736000000000331e+01
1.518400000000000091e+03,-4.365588999999999942e+01,-4.365588999999999942e+01
1.518599999999999909e+03,-4.366261000000000081e+01,-4.366261000000000081e+01
1.518799999999999955e+03,-4.374882999999999811e+01,-4.374882999999999811e+01
1.519000000000000000e+03,-4.310817999999999728e+01,-4.310817999999999728e+01
1.519200000000000045e+03,-4.321757999999999811e+01,-4.321757999999999811e+01
1.519400000000000091e+03,-4.337471000000000032e+01,-4.337471000000000032e+01
1.519599999999999909e+03,-4.385936999999999841e+01,-4.385936999999999841e+01
1.519799999999999955e+03,-4.304863000000000284e+01,-4.304863000000000284e+01
1.520000000000000000e+03,-4.318189000000000277e+01,-4.318189000000000277e+01
1.520200000000000045e+03,-4.322767000000000337e+01,-4.322767000000000337e+01
1.520400000000000091e+03,-4.295606999999999687e+01,-4.295606999999999687e+01
1.520599999999999909e+03,-4.314197000000000060e+01,-4.314197000000000060e+01
1.520799999999999955e+03,-4.284196000000000026e+01,-4.284196000000000026e+01
1.521000000000000000e+03,-4.228524999999999778e+01,-4.228524999999999778e+01
1.521200000000000045e+03,-4.257473000000000241e+01,-4.257473000000000241e+01
1.521400000000000091e+03,-4.232965000000000089e+01,-4.232965000000000089e+01
1.521599999999999909e+03,-4.257240999999999786e+01,-4.257240999999999786e+01
1.521799999999999955e+03,-4.284922000000000253e+01,-4.284922000000000253e+01
1.522000000000000000e+03,-4.293661000000000172e+01,-4.293661000000000172e+01
1.522200000000000045e+03,-4.274439999999999884e+01,-4.274439999999999884e+01
1.522400000000000091e+03,-4.252998999999999796e+01,-4.252998999999999796e+01
1.522599999999999909e+03,-4.258095000000000141e+01,-4.258095000000000141e+01
1.522799999999999955e+03,-4.217916999999999916e+01,-4.217916999999999916e+01
1.523000000000000000e+03,-4.224116000000000071e+01,-4.224116000000000071e+01
1.523200000000000045e+03,-4.201337000000000188e+01,-4.201337000000000188e+01
1.523400000000000091e+03,-4.200648999999999944e+01,-4.200648999999999944e+01
1.523599999999999909e+03,-4.229247000000000156e+01,-4.229247000000000156e+01
1.523799999999999955e+03,-4.246902999999999651e+01,-4.246902999999999651e+01
1.524000000000000000e+03,-4.262308000000000163e+01,-4.262308000000000163e+01
1.524200000000000045e+03,-4.235047999999999746e+01,-4.235047999999999746e+01
1.524400000000000091e+03,-4.206427999999999656e+01,-4.206427999999999656e+01
1.524599999999999909e+03,-4.274934999999999974e+01,-4.274934999999999974e+01
1.524799999999999955e+03,-4.239151999999999987e+01,-4.239151999999999987e+01
1.525000000000000000e+03,-4.218782000000000210e+01,-4.218782000000000210e+01
1.525200000000000045e+03,-4.254941999999999780e+01,-4.254941999999999780e+01
1.525400000000000091e+03,-4.270738000000000056e+01,-4.270738000000000056e+01
1.525599999999999909e+03,-4.269315999999999889e+01,-4.269315999999999889e+01
1.525799999999999955e+03,-4.336688000000000187e+01,-4.336688000000000187e+01
1.526000000000000000e+03,-4.298910000000000053e+01,-4.298910000000000053e+01
1.526200000000000045e+03,-4.308764000000000038e+01,-4.308764000000000038e+01
1.526400000000000091e+03,-4.311986999999999881e+01,-4.311986999999999881e+01
1.526599999999999909e+03,-4.306387000000000143e+01,-4.306387000000000143e+01
1.526799999999999955e+03,-4.252526999999999902e+01,-4.252526999999999902e+01
1.527000000000000000e+03,-4.281833000000000311e+01,-4.281833000000000311e+01
1.527200000000000045e+03,-4.348557000000000272e+01,-4.348557000000000272e+01
1.527400000000000091e+03,-4.392636000000000251e+01,-4.392636000000000251e+01
1.527599999999999909e+03,-4.362147999999999826e+01,-4.362147999999999826e+01
1.527799999999999955e+03,-4.406038000000000210e+01,-4.406038000000000210e+01
1.528000000000000000e+03,-4.321231999999999829e+01,-4.321231999999999829e+01
1.528200000000000045e+03,-4.365908000000000300e+01,-4.365908000000000300e+01
1.528400000000000091e+03,-4.330646000000000129e+01,-4.330646000000000129e+01
1.528599999999999909e+03,-4.362841999999999842e+01,-4.362841999999999842e+01
1.528799999999999955e+03,-4.382466999999999757e+01,-4.382466999999999757e+01
1.529000000000000000e+03,-4.408350000000000080e+01,-4.408350000000000080e+01
1.529200000000000045e+03,-4.430380999999999858e+01,-4.430380999999999858e+01
1.529400000000000091e+03,-4.467873000000000161e+01,-4.467873000000000161e+01
1.529599999999999909e+03,-4.549363999999999919e+01,-4.549363999999999919e+01
1.529799999999999955e+03,-4.519525999999999755e+01,-4.519525999999999755e+01
1.530000000000000000e+03,-4.538933000000000106e+01,-4.538933000000000106e+01
1.530200000000000045e+03,-4.513620000000000232e+01,-4.513620000000000232e+01
1.530400000000000091e+03,-4.532638000000000034e+01,-4.532638000000000034e+01
1.530599999999999909e+03,-4.491629999999999967e+01,-4.491629999999999967e+01
1.530799999999999955e+03,-4.531410000000000338e+01,-4.531410000000000338e+01
1.531000000000000000e+03,-4.559459999999999980e+01,-4.559459999999999980e+01
1.531200000000000045e+03,-4.548340000000000316e+01,-4.548340000000000316e+01
1.531400000000000091e+03,-4.592867999999999995e+01,-4.592867999999999995e+01
1.531599999999999909e+03,-4.572086000000000183e+01,-4.572086000000000183e+01
1.531799999999999955e+03,-4.582551999999999737e+01,-4.582551999999999737e+01
1.532000000000000000e+03,-4.589117999999999853e+01,-4.589117999999999853e+01
1.532200000000000045e+03,-4.685470000000000113e+01,-4.685470000000000113e+01
1.532400000000000091e+03,-4.700484999999999758e+01,-4.700484999999999758e+01
1.532599999999999909e+03,-4.720936999999999983e+01,-4.720936999999999983e+01
1.532799999999999955e+03,-4.692622000000000071e+01,-4.692622000000000071e+01
1.533000000000000000e+03,-4.662834000000000145e+01,-4.662834000000000145e+01
1.533200000000000045e+03,-4.813705999999999818e+01,-4.813705999999999818e+01
1.533400000000000091e+03,-4.812595999999999918e+01,-4.812595999999999918e+01
1.533599999999999909e+03,-5.117079999999999984e+01,-5.117079999999999984e+01
1.533799999999999955e+03,-4.989453000000000316e+01,-4.989453000000000316e+01
1.534000000000000000e+03,-5.049929999999999808e+01,-5.049929999999999808e+01
1.534200000000000045e+03,-5.099139000000000266e+01,-5.099139000000000266e+01
1.534400000000000091e+03,-5.047296999999999656e+01,-5.047296999999999656e+01
1.534599999999999909e+03,-5.168778999999999968e+01,-5.168778999999999968e+01
1.534799999999999955e+03,-5.122711000000000325e+01,-5.122711000000000325e+01
1.535000000000000000e+03,-5.177962999999999738e+01,-5.177962999999999738e+01
1.535200000000000045e+03,-5.186881000000000341e+01,-5.186881000000000341e+01
1.535400000000000091e+03,-5.256790999999999769e+01,-5.256790999999999769e+01
1.535599999999999909e+03,-5.296256999999999948e+01,-5.296256999999999948e+01
1.535799999999999955e+03,-5.483762999999999721e+01,-5.483762999999999721e+01
1.536000000000000000e+03,-5.621262000000000114e+01,-5.621262000000000114e+01
1.536200000000000045e+03,-5.814298999999999751e+01,-5.814298999999999751e+01
1.536400000000000091e+03,-5.921372999999999820e+01,-5.921372999999999820e+01
1.536599999999999909e+03,-5.624416000000000082e+01,-5.624416000000000082e+01
1.536799999999999955e+03,-5.694171000000000049e+01,-5.694171000000000049e+01
1.537000000000000000e+03,-5.923555999999999955e+01,-5.923555999999999955e+01
1.537200000000000045e+03,-6.391510000000000247e+01,-6.391510000000000247e+01
1.537400000000000091e+03,-6.664911999999999637e+01,-6.664911999999999637e+01
1.537599999999999909e+03,-7.135469999999999402e+01,-7.135469999999999402e+01
1.537799999999999955e+03,-7.349241999999999564e+01,-7.349241999999999564e+01
1.538000000000000000e+03,-6.499251999999999896e+01,-6.499251999999999896e+01
1.538200000000000045e+03,-6.639403000000000077e+01,-6.639403000000000077e+01
1.538400000000000091e+03,-7.078534999999999400e+01,-7.078534999999999400e+01
1.538599999999999909e+03,-6.757438000000000500e+01,-6.757438000000000500e+01
1.538799999999999955e+03,-7.154749999999999943e+01,-7.154749999999999943e+01
1.539000000000000000e+03,-6.482012000000000285e+01,-6.482012000000000285e+01
1.539200000000000045e+03,-6.387510000000000332e+01,-6.387510000000000332e+01
1.539400000000000091e+03,-6.253589999999999804e+01,-6.253589999999999804e+01
1.539599999999999909e+03,-6.117940999999999718e+01,-6.117940999999999718e+01
1.539799999999999955e+03,-5.988268999999999664e+01,-5.988268999999999664e+01
1.540000000000000000e+03,-5.881864999999999810e+01,-5.881864999999999810e+01
1.540200000000000045e+03,-5.509877000000000180e+01,-5.509877000000000180e+01
1.540400000000000091e+03,-5.521428999999999832e+01,-5.521428999999999832e+01
1.540599999999999909e+03,-5.377626000000000062e+01,-5.377626000000000062e+01
1.540799999999999955e+03,-5.351689999999999969e+01,-5.351689999999999969e+01
1.541000000000000000e+03,-5.346847000000000349e+01,-5.346847000000000349e+01
1.541200000000000045e+03,-5.279500000000000171e+01,-5.279500000000000171e+01
1.541400000000000091e+03,-5.183003000000000071e+01,-5.183003000000000071e+01
1.541599999999999909e+03,-5.209946999999999662e+01,-5.209946999999999662e+01
1.541799999999999955e+03,-5.039818999999999960e+01,-5.039818999999999960e+01
1.542000000000000000e+03,-4.944843000000000188e+01,-4.944843000000000188e+01
1.542200000000000045e+03,-5.059514999999999674e+01,-5.059514999999999674e+01
1.542400000000000091e+03,-4.982647000000000048e+01,-4.982647000000000048e+01
1.542599999999999909e+03,-4.972294999999999732e+01,-4.972294999999999732e+01
1.542799999999999955e+03,-4.849215000000000231e+01,-4.849215000000000231e+01
1.543000000000000000e+03,-4.829437000000000069e+01,-4.829437000000000069e+01
1.543200000000000045e+03,-4.799517000000000166e+01,-4.799517000000000166e+01
1.543400000000000091e+03,-4.832759999999999678e+01,-4.832759999999999678e+01
1.543599999999999909e+03,-4.792396000000000100e+01,-4.792396000000000100e+01
1.543799999999999955e+03,-4.721844000000000108e+01,-4.721844000000000108e+01
1.544000000000000000e+03,-4.714016000000000162e+01,-4.714016000000000162e+01
1.544200000000000045e+03,-4.656716999999999729e+01,-4.656716999999999729e+01
1.544400000000000091e+03,-4.696347999999999701e+01,-4.696347999999999701e+01
1.544599999999999909e+03,-4.616129000000000104e+01,-4.616129000000000104e+01
1.544799999999999955e+03,-4.591210999999999842e+01,-4.591210999999999842e+01
1.545000000000000000e+03,-4.560193999999999903e+01,-4.560193999999999903e+01
1.545200000000000045e+03,-4.549627999999999872e+01,-4.549627999999999872e+01
1.545400000000000091e+03,-4.538747999999999649e+01,-4.538747999999999649e+01
1.545599999999999909e+03,-4.531092999999999904e+01,-4.531092999999999904e+01
1.545799999999999955e+03,-4.474616000000000327e+01,-4.474616000000000327e+01
1.546000000000000000e+03,-4.528258999999999901e+01,-4.528258999999999901e+01
1.546200000000000045e+03,-4.475207000000000335e+01,-4.475207000000000335e+01
1.546400000000000091e+03,-4.495483000000000118e+01,-4.495483000000000118e+01
1.546599999999999909e+03,-4.396770000000000067e+01,-4.396770000000000067e+01
1.546799999999999955e+03,-4.473248000000000246e+01,-4.473248000000000246e+01
1.547000000000000000e+03,-4.459476000000000084e+01,-4.459476000000000084e+01
1.547200000000000045e+03,-4.445065000000000310e+01,-4.445065000000000310e+01
1.547400000000000091e+03,-4.458216999999999786e+01,-4.458216999999999786e+01
1.547599999999999909e+03,-4.430669999999999931e+01,-4.430669999999999931e+01
1.547799999999999955e+03,-4.427176999999999651e+01,-4.427176999999999651e+01
1.548000000000000000e+03,-4.394250999999999863e+01,-4.394250999999999863e+01
1.548200000000000045e+03,-4.464847999999999928e+01,-4.464847999999999928e+01
1.548400000000000091e+03,-4.411889000000000038e+01,-4.411889000000000038e+01
1.548599999999999909e+03,-4.426017999999999830e+01,-4.426017999999999830e+01
1.548799999999999955e+03,-4.365650000000000119e+01,-4.365650000000000119e+01
1.549000000000000000e+03,-4.389985999999999677e+01,-4.389985999999999677e+01
1.549200000000000045e+03,-4.308961000000000041e+01,-4.308961000000000041e+01
1.549400000000000091e+03,-4.305257000000000289e+01,-4.305257000000000289e+01
1.549599999999999909e+03,-4.247128000000000014e+01,-4.247128000000000014e+01
1.549799999999999955e+03,-4.279426999999999737e+01,-4.279426999999999737e+01
1.550000000000000000e+03,-4.342544000000000182e+01,-4.342544000000000182e+01
1.550200000000000045e+03,-4.379838999999999771e+01,-4.379838999999999771e+01
1.550400000000000091e+03,-4.340435000000000088e+01,-4.340435000000000088e+01
1.550599999999999909e+03,-4.306624000000000052e+01,-4.306624000000000052e+01
1.550799999999999955e+03,-4.276666000000000167e+01,-4.276666000000000167e+01
1.551000000000000000e+03,-4.259729999999999706e+01,-4.259729999999999706e+01
1.551200000000000045e+03,-4.278144000000000347e+01,-4.278144000000000347e+01
1.551400000000000091e+03,-4.249208999999999747e+01,-4.249208999999999747e+01
1.551599999999999909e+03,-4.231797999999999860e+01,-4.231797999999999860e+01
1.551799999999999955e+03,-4.279138999999999982e+01,-4.279138999999999982e+01
1.552000000000000000e+03,-4.324407999999999674e+01,-4.324407999999999674e+01
1.552200000000000045e+03,-4.268954999999999700e+01,-4.268954999999999700e+01
1.552400000000000091e+03,-4.296123000000000047e+01,-4.296123000000000047e+01
1.552599999999999909e+03,-4.243039999999999878e+01,-4.243039999999999878e+01
1.552799999999999955e+03,-4.262568000000000268e+01,-4.262568000000000268e+01
1.553000000000000000e+03,-4.267945000000000277e+01,-4.267945000000000277e+01
1.553200000000000045e+03,-4.329245999999999839e+01,-4.329245999999999839e+01
1.553400000000000091e+03,-4.283970999999999663e+01,-4.283970999999999663e+01
1.553599999999999909e+03,-4.317775000000000318e+01,-4.317775000000000318e+01
1.553799999999999955e+03,-4.273794999999999789e+01,-4.273794999999999789e+01
1.554000000000000000e+03,-4.284463999999999828e+01,-4.284463999999999828e+01
1.554200000000000045e+03,-4.261840999999999724e+01,-4.261840999999999724e+01
1.554400000000000091e+03,-4.283800000000000097e+01,-4.283800000000000097e+01
1.554599999999999909e+03,-4.286865999999999843e+01,-4.286865999999999843e+01
1.554799999999999955e+03,-4.311269000000000062e+01,-4.311269000000000062e+01
1.555000000000000000e+03,-4.290446000000000026e+01,-4.290446000000000026e+01
1.555200000000000045e+03,-4.309857999999999834e+01,-4.309857999999999834e+01
1.555400000000000091e+03,-4.288933000000000106e+01,-4.288933000000000106e+01
1.555599999999999909e+03,-4.324425000000000097e+01,-4.324425000000000097e+01
1.555799999999999955e+03,-4.314023999999999859e+01,-4.314023999999999859e+01
1.556000000000000000e+03,-4.290122999999999820e+01,-4.290122999999999820e+01
1.556200000000000045e+03,-4.273411999999999722e+01,-4.273411999999999722e+01
1.556400000000000091e+03,-4.326937000000000211e+01,-4.326937000000000211e+01
1.556599999999999909e+03,-4.326120000000000232e+01,-4.326120000000000232e+01
1.556799999999999955e+03,-4.354317999999999955e+01,-4.354317999999999955e+01
1.557000000000000000e+03,-4.342846999999999724e+01,-4.342846999999999724e+01
1.557200000000000045e+03,-4.298841999999999786e+01,-4.298841999999999786e+01
1.557400000000000091e+03,-4.342439999999999856e+01,-4.342439999999999856e+01
1.557599999999999909e+03,-4.305176000000000158e+01,-4.305176000000000158e+01
1.557799999999999955e+03,-4.365169000000000210e+01,-4.365169000000000210e+01
1.558000000000000000e+03,-4.352318999999999960e+01,-4.352318999999999960e+01
1.558200000000000045e+03,-4.405411000000000143e+01,-4.405411000000000143e+01
1.558400000000000091e+03,-4.400742000000000331e+01,-4.400742000000000331e+01
1.558599999999999909e+03,-4.424360999999999677e+01,-4.424360999999999677e+01
1.558799999999999955e+03,-4.460414000000000101e+01,-4.460414000000000101e+01
1.559000000000000000e+03,-4.500059000000000253e+01,-4.500059000000000253e+01
1.559200000000000045e+03,-4.472984000000000293e+01,-4.472984000000000293e+01
1.559400000000000091e+03,-4.487738999999999834e+01,-4.487738999999999834e+01
1.559599999999999909e+03,-4.509729999999999706e+01,-4.509729999999999706e+01
1.559799999999999955e+03,-4.510562000000000182e+01,-4.510562000000000182e+01
1.560000000000000000e+03,-4.573158000000000101e+01,-4.573158000000000101e+01
1.560200000000000045e+03,-4.517074999999999818e+01,-4.517074999999999818e+01
1.560400000000000091e+03,-4.610927999999999827e+01,-4.610927999999999827e+01
1.560599999999999909e+03,-4.509602999999999895e+01,-4.509602999999999895e+01
1.560799999999999955e+03,-4.531461999999999790e+01,-4.531461999999999790e+01
1.561000000000000000e+03,-4.549918000000000262e+01,-4.549918000000000262e+01
1.561200000000000045e+03,-4.574235999999999791e+01,-4.574235999999999791e+01
1.561400000000000091e+03,-4.625041000000000224e+01,-4.625041000000000224e+01
1.561599999999999909e+03,-4.630702000000000140e+01,-4.630702000000000140e+01
1.561799999999999955e+03,-4.672845000000000226e+01,-4.672845000000000226e+01
1.562000000000000000e+03,-4.681752999999999787e+01,-4.681752999999999787e+01
1.562200000000000045e+03,-4.797173000000000087e+01,-4.797173000000000087e+01
1.562400000000000091e+03,-4.871497000000000099e+01,-4.871497000000000099e+01
1.562599999999999909e+03,-4.864166000000000167e+01,-4.864166000000000167e+01
1.562799999999999955e+03,-4.793909000000000020e+01,-4.793909000000000020e+01
1.563000000000000000e+03,-4.843596000000000146e+01,-4.843596000000000146e+01
1.563200000000000045e+03,-4.851610000000000156e+01,-4.851610000000000156e+01
1.563400000000000091e+03,-5.072229000000000099e+01,-5.072229000000000099e+01
1.563599999999999909e+03,-4.996043000000000234e+01,-4.996043000000000234e+01
1.563799999999999955e+03,-5.007681000000000182e+01,-5.007681000000000182e+01
1.564000000000000000e+03,-5.047296999999999656e+01,-5.047296999999999656e+01
1.564200000000000045e+03,-5.108639000000000152e+01,-5.108639000000000152e+01
1.564400000000000091e+03,-5.051440000000000197e+01,-5.051440000000000197e+01
1.564599999999999909e+03,-5.013358999999999810e+01,-5.013358999999999810e+01
1.564799999999999955e+03,-5.115099000000000018e+01,-5.115099000000000018e+01
1.565000000000000000e+03,-5.094174999999999898e+01,-5.094174999999999898e+01
1.565200000000000045e+03,-5.042090999999999923e+01,-5.042090999999999923e+01
1.565400000000000091e+03,-5.166176000000000101e+01,-5.166176000000000101e+01
1.565599999999999909e+03,-5.126872999999999791e+01,-5.126872999999999791e+01
1.565799999999999955e+03,-5.261287000000000091e+01,-5.261287000000000091e+01
1.566000000000000000e+03,-5.284550000000000125e+01,-5.284550000000000125e+01
1.566200000000000045e+03,-5.478119000000000227e+01,-5.478119000000000227e+01
1.566400000000000091e+03,-5.576001999999999725e+01,-5.576001999999999725e+01
1.566599999999999909e+03,-5.812595000000000312e+01,-5.812595000000000312e+01
1.566799999999999955e+03,-5.833164000000000016e+01,-5.833164000000000016e+01
1.567000000000000000e+03,-6.015030000000000143e+01,-6.015030000000000143e+01
1.567200000000000045e+03,-6.412793999999999528e+01,-6.412793999999999528e+01
1.567400000000000091e+03,-6.562179000000000428e+01,-6.562179000000000428e+01
1.567599999999999909e+03,-6.749563999999999453e+01,-6.749563999999999453e+01
1.567799999999999955e+03,-6.978519000000000005e+01,-6.978519000000000005e+01
1.568000000000000000e+03,-7.555670000000000641e+01,-7.555670000000000641e+01
1.568200000000000045e+03,-6.342909999999999826e+01,-6.342909999999999826e+01
1.568400000000000091e+03,-6.453248999999999569e+01,-6.453248999999999569e+01
1.568599999999999909e+03,-6.480022999999999911e+01,-6.480022999999999911e+01
1.568799999999999955e+03,-6.469642000000000337e+01,-6.469642000000000337e+01
1.569000000000000000e+03,-6.629836000000000240e+01,-6.629836000000000240e+01
1.569200000000000045e+03,-6.397440000000000282e+01,-6.397440000000000282e+01
1.569400000000000091e+03,-5.922131000000000256e+01,-5.922131000000000256e+01
1.569599999999999909e+03,-5.927696999999999861e+01,-5.927696999999999861e+01
1.569799999999999955e+03,-5.812930999999999671e+01,-5.812930999999999671e+01
1.570000000000000000e+03,-5.731474000000000046e+01,-5.731474000000000046e+01
1.570200000000000045e+03,-5.770839000000000141e+01,-5.770839000000000141e+01
1.570400000000000091e+03,-5.934866000000000241e+01,-5.934866000000000241e+01
1.570599999999999909e+03,-5.710242999999999824e+01,-5.710242999999999824e+01
1.570799999999999955e+03,-5.680895999999999901e+01,-5.680895999999999901e+01
1.571000000000000000e+03,-5.589985999999999677e+01,-5.589985999999999677e+01
1.571200000000000045e+03,-5.431474000000000046e+01,-5.431474000000000046e+01
1.571400000000000091e+03,-5.223548999999999864e+01,-5.223548999999999864e+01
1.571599999999999909e+03,-5.209512000000000143e+01,-5.209512000000000143e+01
1.571799999999999955e+03,-5.170233999999999952e+01,-5.170233999999999952e+01
1.572000000000000000e+03,-5.066337999999999653e+01,-5.066337999999999653e+01
1.572200000000000045e+03,-5.173398000000000252e+01,-5.173398000000000252e+01
1.572400000000000091e+03,-5.192282000000000153e+01,-5.192282000000000153e+01
1.572599999999999909e+03,-5.116239000000000203e+01,-5.116239000000000203e+01
1.572799999999999955e+03,-5.023812000000000211e+01,-5.023812000000000211e+01
1.573000000000000000e+03,-5.086093999999999937e+01,-5.086093999999999937e+01
1.573200000000000045e+03,-5.068717000000000183e+01,-5.068717000000000183e+01
1.573400000000000091e+03,-5.037586000000000297e+01,-5.037586000000000297e+01
1.573599999999999909e+03,-4.933068000000000097e+01,-4.933068000000000097e+01
1.573799999999999955e+03,-4.905745000000000289e+01,-4.905745000000000289e+01
1.574000000000000000e+03,-4.832688999999999879e+01,-4.832688999999999879e+01
1.574200000000000045e+03,-4.891237999999999886e+01,-4.891237999999999886e+01
1.574400000000000091e+03,-4.831089000000000055e+01,-4.831089000000000055e+01
1.574599999999999909e+03,-4.868224000000000018e+01,-4.868224000000000018e+01
1.574799999999999955e+03,-4.794583000000000084e+01,-4.794583000000000084e+01
1.575000000000000000e+03,-4.828987000000000052e+01,-4.828987000000000052e+01
1.575200000000000045e+03,-4.772511999999999688e+01,-4.772511999999999688e+01
1.575400000000000091e+03,-4.654813000000000045e+01,-4.654813000000000045e+01
1.575599999999999909e+03,-4.632511999999999830e+01,-4.632511999999999830e+01
1.575799999999999955e+03,-4.591201000000000221e+01,-4.591201000000000221e+01
1.576000000000000000e+03,-4.599408999999999992e+01,-4.599408999999999992e+01
1.576200000000000045e+03,-4.649381000000000341e+01,-4.649381000000000341e+01
1.576400000000000091e+03,-4.669004999999999939e+01,-4.669004999999999939e+01
1.576599999999999909e+03,-4.630845999999999663e+01,-4.630845999999999663e+01
1.576799999999999955e+03,-4.554391999999999996e+01,-4.554391999999999996e+01
1.577000000000000000e+03,-4.569852999999999810e+01,-4.569852999999999810e+01
1.577200000000000045e+03,-4.521603999999999957e+01,-4.521603999999999957e+01
1.577400000000000091e+03,-4.503499999999999659e+01,-4.503499999999999659e+01
1.577599999999999909e+03,-4.478332999999999942e+01,-4.478332999999999942e+01
1.577799999999999955e+03,-4.495691999999999666e+01,-4.495691999999999666e+01
1.578000000000000000e+03,-4.461861999999999995e+01,-4.461861999999999995e+01
1.578200000000000045e+03,-4.442443999999999704e+01,-4.442443999999999704e+01
1.578400000000000091e+03,-4.447473999999999705e+01,-4.447473999999999705e+01
1.578599999999999909e+03,-4.437438000000000216e+01,-4.437438000000000216e+01
1.578799999999999955e+03,-4.466711999999999705e+01,-4.466711999999999705e+01
1.579000000000000000e+03,-4.480897000000000219e+01,-4.480897000000000219e+01
1.579200000000000045e+03,-4.458174999999999955e+01,-4.458174999999999955e+01
1.579400000000000091e+03,-4.405555999999999983e+01,-4.405555999999999983e+01
1.579599999999999909e+03,-4.380577000000000254e+01,-4.380577000000000254e+01
1.579799999999999955e+03,-4.396034999999999826e+01,-4.396034999999999826e+01
1.580000000000000000e+03,-4.403614000000000317e+01,-4.403614000000000317e+01
1.580200000000000045e+03,-4.400522000000000133e+01,-4.400522000000000133e+01
1.580400000000000091e+03,-4.454193999999999676e+01,-4.454193999999999676e+01
1.580599999999999909e+03,-4.420065000000000310e+01,-4.420065000000000310e+01
1.580799999999999955e+03,-4.383836000000000155e+01,-4.383836000000000155e+01
1.581000000000000000e+03,-4.380845999999999663e+01,-4.380845999999999663e+01
1.581200000000000045e+03,-4.398008999999999702e+01,-4.398008999999999702e+01
1.581400000000000091e+03,-4.440704999999999814e+01,-4.440704999999999814e+01
1.581599999999999909e+03,-4.427309999999999945e+01,-4.427309999999999945e+01
1.581799999999999955e+03,-4.411280000000000001e+01,-4.411280000000000001e+01
1.582000000000000000e+03,-4.352821999999999747e+01,-4.352821999999999747e+01
1.582200000000000045e+03,-4.351118000000000308e+01,-4.351118000000000308e+01
1.582400000000000091e+03,-4.400885000000000247e+01,-4.400885000000000247e+01
1.582599999999999909e+03,-4.368755000000000166e+01,-4.368755000000000166e+01
1.582799999999999955e+03,-4.309740000000000038e+01,-4.309740000000000038e+01
1.583000000000000000e+03,-4.382417999999999836e+01,-4.382417999999999836e+01
1.583200000000000045e+03,-4.307858000000000231e+01,-4.307858000000000231e+01
1.583400000000000091e+03,-4.319471000000000060e+01,-4.319471000000000060e+01
1.583599999999999909e+03,-4.323922999999999917e+01,-4.323922999999999917e+01
1.583799999999999955e+03,-4.319431999999999761e+01,-4.319431999999999761e+01
1.584000000000000000e+03,-4.330973999999999791e+01,-4.330973999999999791e+01
1.584200000000000045e+03,-4.327297999999999689e+01,-4.327297999999999689e+01
1.584400000000000091e+03,-4.361614999999999753e+01,-4.361614999999999753e+01
1.584599999999999909e+03,-4.273826999999999998e+01,-4.273826999999999998e+01
1.584799999999999955e+03,-4.322697999999999752e+01,-4.322697999999999752e+01
1.585000000000000000e+03,-4.315234000000000236e+01,-4.315234000000000236e+01
1.585200000000000045e+03,-4.384196000000000026e+01,-4.384196000000000026e+01
1.585400000000000091e+03,-4.343171000000000248e+01,-4.343171000000000248e+01
1.585599999999999909e+03,-4.370698999999999756e+01,-4.370698999999999756e+01
1.585799999999999955e+03,-4.326050999999999647e+01,-4.326050999999999647e+01
1.586000000000000000e+03,-4.350352000000000174e+01,-4.350352000000000174e+01
1.586200000000000045e+03,-4.379576999999999742e+01,-4.379576999999999742e+01
1.586400000000000091e+03,-4.387843000000000160e+01,-4.387843000000000160e+01
1.586599999999999909e+03,-4.479800999999999789e+01,-4.479800999999999789e+01
1.586799999999999955e+03,-4.415055000000000263e+01,-4.415055000000000263e+01
1.587000000000000000e+03,-4.417985999999999791e+01,-4.417985999999999791e+01
1.587200000000000045e+03,-4.338324000000000069e+01,-4.338324000000000069e+01
1.587400000000000091e+03,-4.355823000000000178e+01,-4.355823000000000178e+01
1.587599999999999909e+03,-4.346479999999999677e+01,-4.346479999999999677e+01
1.587799999999999955e+03,-4.401431999999999789e+01,-4.401431999999999789e+01
1.588000000000000000e+03,-4.427306999999999704e+01,-4.427306999999999704e+01
1.588200000000000045e+03,-4.443903000000000247e+01,-4.443903000000000247e+01
1.588400000000000091e+03,-4.443798999999999921e+01,-4.443798999999999921e+01
1.588599999999999909e+03,-4.436050000000000182e+01,-4.436050000000000182e+01
1.588799999999999955e+03,-4.467595000000000027e+01,-4.467595000000000027e+01
1.589000000000000000e+03,-4.486081000000000074e+01,-4.486081000000000074e+01
1.589200000000000045e+03,-4.490283999999999764e+01,-4.490283999999999764e+01
1.589400000000000091e+03,-4.459606000000000137e+01,-4.459606000000000137e+01
1.589599999999999909e+03,-4.497910999999999859e+01,-4.497910999999999859e+01
1.589799999999999955e+03,-4.425000000000000000e+01,-4.425000000000000000e+01
1.590000000000000000e+03,-4.501418000000000319e+01,-4.501418000000000319e+01
1.590200000000000045e+03,-4.524085999999999785e+01,-4.524085999999999785e+01
1.590400000000000091e+03,-4.558057999999999765e+01,-4.558057999999999765e+01
1.590599999999999909e+03,-4.656801000000000101e+01,-4.656801000000000101e+01
1.590799999999999955e+03,-4.678123000000000076e+01,-4.678123000000000076e+01
1.591000000000000000e+03,-4.612834000000000145e+01,-4.612834000000000145e+01
1.591200000000000045e+03,-4.630183999999999855e+01,-4.630183999999999855e+01
1.591400000000000091e+03,-4.614294999999999902e+01,-4.614294999999999902e+01
1.591599999999999909e+03,-4.601946000000000225e+01,-4.601946000000000225e+01
1.591799999999999955e+03,-4.664444999999999908e+01,-4.664444999999999908e+01
1.592000000000000000e+03,-4.658254000000000161e+01,-4.658254000000000161e+01
1.592200000000000045e+03,-4.808133999999999730e+01,-4.808133999999999730e+01
1.592400000000000091e+03,-4.787190999999999974e+01,-4.787190999999999974e+01
1.592599999999999909e+03,-4.796553000000000111e+01,-4.796553000000000111e+01
1.592799999999999955e+03,-4.788119999999999976e+01,-4.788119999999999976e+01
1.593000000000000000e+03,-4.773295000000000243e+01,-4.773295000000000243e+01
1.593200000000000045e+03,-4.789833000000000141e+01,-4.789833000000000141e+01
1.593400000000000091e+03,-4.976684999999999803e+01,-4.976684999999999803e+01
1.593599999999999909e+03,-4.926162999999999670e+01,-4.926162999999999670e+01
1.593799999999999955e+03,-4.925885000000000247e+01,-4.925885000000000247e+01
1.594000000000000000e+03,-4.829536999999999836e+01,-4.829536999999999836e+01
1.594200000000000045e+03,-4.754930000000000234e+01,-4.754930000000000234e+01
1.594400000000000091e+03,-4.947424999999999784e+01,-4.947424999999999784e+01
1.594599999999999909e+03,-4.980622999999999934e+01,-4.980622999999999934e+01
1.594799999999999955e+03,-4.973987000000000336e+01,-4.973987000000000336e+01
1.595000000000000000e+03,-4.901167999999999836e+01,-4.901167999999999836e+01
1.595200000000000045e+03,-5.008140000000000214e+01,-5.008140000000000214e+01
1.595400000000000091e+03,-5.106143000000000143e+01,-5.106143000000000143e+01
1.595599999999999909e+03,-5.227199999999999847e+01,-5.227199999999999847e+01
1.595799999999999955e+03,-5.249067999999999756e+01,-5.249067999999999756e+01
1.596000000000000000e+03,-5.318377000000000265e+01,-5.318377000000000265e+01
1.596200000000000045e+03,-5.358950000000000102e+01,-5.358950000000000102e+01
1.596400000000000091e+03,-5.489656999999999698e+01,-5.489656999999999698e+01
1.596599999999999909e+03,-5.636706000000000216e+01,-5.636706000000000216e+01
1.596799999999999955e+03,-5.724725999999999715e+01,-5.724725999999999715e+01
1.597000000000000000e+03,-5.824190000000000111e+01,-5.824190000000000111e+01
1.597200000000000045e+03,-5.676514000000000237e+01,-5.676514000000000237e+01
1.597400000000000091e+03,-5.828584000000000032e+01,-5.828584000000000032e+01
1.597599999999999909e+03,-5.785416000000000025e+01,-5.785416000000000025e+01
1.597799999999999955e+03,-5.902266000000000190e+01,-5.902266000000000190e+01
1.598000000000000000e+03,-6.090424000000000149e+01,-6.090424000000000149e+01
1.598200000000000045e+03,-6.046255000000000024e+01,-6.046255000000000024e+01
1.598400000000000091e+03,-6.235123999999999711e+01,-6.235123999999999711e+01
1.598599999999999909e+03,-6.068628999999999962e+01,-6.068628999999999962e+01
1.598799999999999955e+03,-6.332686000000000348e+01,-6.332686000000000348e+01
1.599000000000000000e+03,-6.251077999999999690e+01,-6.251077999999999690e+01
1.599200000000000045e+03,-6.447906999999999300e+01,-6.447906999999999300e+01
1.599400000000000091e+03,-7.737552999999999770e+01,-7.737552999999999770e+01
1.599599999999999909e+03,-7.106932000000000471e+01,-7.106932000000000471e+01
1.599799999999999955e+03,-6.816572999999999638e+01,-6.816572999999999638e+01
1.600000000000000000e+03,-6.460335999999999501e+01,-6.460335999999999501e+01
